ride_key,subscriber_key,cycle_key,start_sector_key,finish_sector_key,started_at,minutes_used,km_recorded,fare_uah,finish_code,payment_channel
1,473,617,109,489,2025-03-25 10:35:00,30,5.39,66.52,completed,bank_card
2,451,201,292,436,2025-12-20 09:49:00,60,8.52,114.17,completed,bank_card
3,300,379,544,404,2025-09-30 18:40:00,76,1.90,178.96,completed,bank_card
4,544,356,311,226,2026-02-01 09:06:00,4,4.44,36.30,manual_review,bank_card
5,450,619,414,245,2026-06-12 14:35:00,84,3.58,120.02,manual_review,bank_card
6,223,659,512,424,2025-02-19 10:18:00,36,2.42,87.25,completed,bank_card
7,215,219,407,126,2025-07-06 13:43:00,90,1.21,165.19,completed,bank_card
8,60,124,296,178,2025-12-24 05:35:00,26,3.79,62.42,completed,wallet
9,264,141,421,426,2025-07-30 07:42:00,70,8.41,142.64,battery_empty,wallet
10,206,56,147,131,2025-05-01 05:49:00,25,3.40,58.68,completed,promo_balance
11,624,242,227,19,2025-10-26 11:39:00,86,2.31,164.83,completed,google_pay
12,252,112,208,549,2025-11-06 21:25:00,64,5.76,125.54,completed,wallet
13,485,657,549,239,2025-06-13 00:03:00,50,1.14,114.71,completed,wallet
14,578,243,103,408,2025-07-20 18:07:00,41,2.22,99.00,completed,google_pay
15,772,328,292,229,2026-03-20 16:11:00,3,4.16,26.56,completed,bank_card
16,457,203,413,459,2025-01-15 06:51:00,60,4.30,139.05,completed,apple_pay
17,391,265,489,223,2025-06-09 20:48:00,31,5.74,79.73,manual_review,bank_card
18,484,609,529,288,2025-04-01 12:01:00,36,3.94,68.77,outside_zone,google_pay
19,689,299,173,371,2025-01-06 20:33:00,24,4.36,53.41,completed,apple_pay
20,680,73,394,412,2025-11-03 10:26:00,95,2.44,164.73,completed,bank_card
21,514,511,536,326,2025-09-02 12:42:00,78,7.52,184.91,outside_zone,wallet
22,584,233,104,376,2026-04-04 10:56:00,59,5.49,134.22,completed,bank_card
23,748,284,479,406,2025-06-25 13:19:00,27,6.07,82.56,completed,wallet
24,12,124,261,75,2025-12-08 13:15:00,54,5.63,104.90,completed,google_pay
25,300,53,359,319,2025-07-07 15:18:00,83,5.78,212.67,completed,promo_balance
26,738,499,299,173,2025-08-31 14:54:00,55,7.92,159.08,completed,bank_card
27,312,31,523,423,2025-11-02 10:11:00,35,2.09,86.43,completed,bank_card
28,71,461,133,40,2025-01-21 09:44:00,27,2.76,75.53,completed,wallet
29,606,337,466,506,2025-09-21 11:37:00,41,3.85,106.78,completed,wallet
30,813,351,87,539,2026-05-30 09:01:00,20,4.37,70.60,outside_zone,wallet
31,803,304,433,183,2026-04-27 18:25:00,41,1.19,83.53,completed,wallet
32,242,198,428,217,2026-01-23 20:23:00,72,1.48,115.31,completed,promo_balance
33,568,195,373,294,2025-09-10 11:47:00,45,4.78,85.27,completed,google_pay
34,557,367,438,452,2025-08-11 21:16:00,62,4.81,104.01,manual_review,promo_balance
35,368,314,90,288,2026-03-09 15:13:00,43,3.78,98.30,completed,wallet
36,851,88,500,133,2025-05-22 19:28:00,53,3.96,119.31,completed,bank_card
37,290,561,250,437,2025-03-15 07:51:00,12,6.69,62.03,completed,google_pay
38,715,482,406,232,2025-06-25 15:05:00,25,4.02,54.65,completed,bank_card
39,522,101,295,7,2025-09-19 23:28:00,72,3.14,125.27,battery_empty,bank_card
40,732,357,49,308,2025-05-24 16:48:00,16,6.56,57.58,completed,wallet
41,429,538,82,550,2026-04-26 23:53:00,87,5.00,141.69,cancelled,wallet
42,439,388,353,239,2025-06-17 07:22:00,30,3.49,59.36,completed,google_pay
43,201,133,259,508,2025-08-14 06:32:00,4,4.39,35.42,completed,bank_card
44,162,523,537,88,2025-07-28 00:10:00,56,7.76,104.60,completed,apple_pay
45,552,305,123,163,2025-03-01 21:27:00,31,5.29,76.08,completed,bank_card
46,50,237,439,341,2025-07-29 17:58:00,39,4.35,109.41,outside_zone,bank_card
47,861,139,295,524,2025-10-03 08:45:00,16,4.46,59.77,manual_review,apple_pay
48,349,114,233,132,2025-05-31 18:19:00,60,8.02,125.38,manual_review,apple_pay
49,271,38,7,542,2025-08-30 10:38:00,29,4.08,83.01,outside_zone,bank_card
50,846,410,110,87,2025-01-15 16:14:00,72,4.94,170.48,completed,wallet
51,800,428,232,61,2025-06-02 07:13:00,82,2.35,139.46,completed,wallet
52,58,458,530,171,2025-01-04 21:43:00,16,3.86,42.07,completed,promo_balance
53,849,361,31,390,2025-04-28 13:35:00,84,6.25,158.83,manual_review,google_pay
54,79,424,205,236,2025-02-27 21:05:00,18,9.02,85.61,completed,apple_pay
55,748,45,224,194,2025-11-22 06:58:00,37,5.86,103.16,completed,bank_card
56,900,331,249,368,2025-02-01 13:11:00,75,3.45,135.15,completed,bank_card
57,469,343,432,203,2025-01-10 10:21:00,62,9.04,156.63,completed,wallet
58,437,284,125,31,2025-06-26 20:24:00,59,2.40,111.30,completed,wallet
59,859,328,270,350,2025-12-12 09:05:00,73,2.93,105.55,completed,google_pay
60,25,133,440,83,2026-02-06 06:51:00,87,7.47,147.09,completed,google_pay
61,207,306,112,517,2025-04-24 08:01:00,15,5.00,59.18,completed,bank_card
62,465,650,486,384,2025-12-11 20:32:00,17,4.79,53.23,completed,bank_card
63,139,67,376,162,2026-03-23 19:34:00,91,3.93,165.32,completed,google_pay
64,767,65,189,5,2025-04-18 22:57:00,12,8.01,72.57,manual_review,bank_card
65,106,513,380,53,2025-12-04 06:24:00,23,0.20,46.07,completed,wallet
66,397,142,468,425,2025-08-10 22:53:00,82,4.77,122.53,completed,bank_card
67,881,366,251,238,2026-03-31 20:13:00,78,4.71,165.63,completed,bank_card
68,149,416,520,12,2025-01-12 08:58:00,15,4.58,51.60,completed,bank_card
69,598,378,9,247,2026-06-11 18:52:00,58,0.58,95.05,completed,wallet
70,25,204,217,108,2025-08-20 14:44:00,45,2.13,92.49,completed,wallet
71,151,6,502,202,2026-04-10 16:01:00,23,2.49,69.57,completed,wallet
72,866,582,96,347,2025-10-07 05:30:00,9,2.51,34.05,manual_review,google_pay
73,301,64,231,172,2025-04-29 10:57:00,69,1.57,147.03,battery_empty,bank_card
74,90,393,432,8,2026-05-16 15:11:00,42,4.95,124.77,completed,promo_balance
75,127,170,420,172,2026-01-19 09:13:00,74,0.20,89.56,completed,bank_card
76,224,444,257,21,2025-07-18 06:54:00,76,3.66,139.01,completed,wallet
77,670,361,70,339,2025-08-31 19:37:00,57,8.22,138.17,completed,apple_pay
78,552,669,452,104,2025-04-01 22:51:00,81,5.48,183.09,completed,wallet
79,756,389,32,101,2026-04-04 09:51:00,27,4.79,64.02,completed,wallet
80,401,585,81,352,2025-11-22 08:00:00,76,6.20,195.52,completed,bank_card
81,687,415,94,514,2026-05-01 17:08:00,68,3.82,168.77,completed,bank_card
82,80,625,315,531,2025-10-26 10:47:00,29,3.29,89.18,completed,bank_card
83,83,544,166,54,2025-11-09 00:12:00,5,2.32,24.09,completed,bank_card
84,26,366,532,112,2026-06-09 15:15:00,66,5.72,112.79,battery_empty,bank_card
85,165,325,393,398,2025-01-12 20:41:00,32,4.07,70.45,completed,google_pay
86,362,84,478,436,2025-09-18 17:44:00,92,5.45,220.49,cancelled,bank_card
87,866,81,259,132,2025-03-10 11:28:00,27,2.75,74.77,manual_review,wallet
88,156,81,56,205,2025-02-19 17:36:00,62,4.81,103.13,completed,wallet
89,641,308,276,146,2026-06-19 16:06:00,92,3.50,121.07,completed,google_pay
90,96,137,258,418,2025-06-16 17:41:00,73,4.86,139.15,completed,bank_card
91,644,461,211,540,2026-01-16 16:57:00,15,7.51,51.28,completed,bank_card
92,200,474,62,53,2025-09-15 15:10:00,79,5.16,110.07,battery_empty,promo_balance
93,357,93,118,149,2026-06-19 05:35:00,56,4.24,96.86,completed,wallet
94,240,351,138,232,2025-06-24 16:40:00,19,3.33,48.01,manual_review,bank_card
95,360,677,468,302,2025-11-15 08:09:00,67,2.56,140.91,completed,apple_pay
96,389,300,375,155,2025-03-31 07:14:00,16,4.68,62.45,completed,bank_card
97,873,469,317,530,2025-06-30 17:18:00,63,3.28,140.95,completed,bank_card
98,445,444,12,429,2025-06-24 22:56:00,45,2.86,109.40,completed,bank_card
99,890,442,316,440,2025-08-13 22:08:00,65,5.58,163.27,completed,wallet
100,242,405,486,77,2025-06-29 21:50:00,78,3.57,188.01,completed,wallet
101,671,224,168,68,2025-10-24 16:54:00,75,7.08,188.13,completed,wallet
102,200,288,508,395,2026-05-28 13:23:00,83,7.90,187.90,manual_review,wallet
103,560,637,73,64,2025-06-27 07:54:00,16,0.42,47.32,manual_review,apple_pay
104,543,191,428,17,2026-02-10 15:59:00,43,5.36,119.76,completed,wallet
105,772,22,279,230,2025-10-09 09:26:00,55,5.75,94.20,manual_review,wallet
106,3,403,237,539,2025-10-08 23:54:00,78,4.55,162.44,completed,wallet
107,737,324,341,327,2025-01-15 07:00:00,27,4.15,65.79,completed,apple_pay
108,334,152,20,1,2025-04-08 08:18:00,6,6.17,47.02,completed,bank_card
109,764,330,510,247,2025-07-04 06:41:00,67,9.32,165.62,manual_review,apple_pay
110,199,501,516,521,2025-05-25 14:20:00,37,5.80,78.37,completed,wallet
111,582,17,20,154,2025-08-14 19:44:00,4,2.96,24.44,completed,wallet
112,265,365,391,267,2025-05-04 14:21:00,94,5.64,218.54,completed,wallet
113,411,626,104,381,2025-10-17 05:17:00,50,5.66,91.28,completed,wallet
114,529,162,438,256,2026-03-04 05:17:00,34,3.68,66.23,completed,bank_card
115,590,478,272,29,2025-05-14 21:52:00,20,5.96,68.89,completed,wallet
116,707,394,92,100,2025-06-07 13:52:00,70,3.84,144.71,cancelled,wallet
117,340,540,233,371,2026-05-24 09:09:00,52,4.21,84.54,completed,bank_card
118,408,401,210,259,2026-04-04 20:45:00,74,3.46,103.00,completed,google_pay
119,270,76,157,129,2026-01-01 13:03:00,90,4.19,156.69,completed,bank_card
120,230,654,259,497,2025-01-16 19:13:00,8,6.13,46.26,completed,wallet
121,662,462,133,473,2026-01-01 06:16:00,24,6.39,76.22,completed,bank_card
122,408,680,106,164,2025-06-29 23:42:00,11,7.03,39.95,completed,wallet
123,553,254,161,285,2026-03-27 00:10:00,3,4.32,28.97,completed,google_pay
124,740,171,297,497,2026-03-23 17:54:00,51,7.45,141.76,completed,bank_card
125,852,246,218,381,2025-12-02 19:53:00,78,6.48,117.35,completed,wallet
126,860,275,395,458,2026-01-01 10:27:00,75,3.24,106.97,completed,apple_pay
127,826,103,191,193,2025-11-29 16:41:00,77,3.03,132.68,completed,wallet
128,39,497,258,264,2025-03-31 17:47:00,49,3.45,78.95,completed,wallet
129,504,84,79,314,2025-02-25 23:16:00,82,4.32,194.82,completed,wallet
130,763,587,212,43,2025-07-06 07:53:00,76,5.53,140.07,completed,wallet
131,112,233,387,406,2026-05-23 06:04:00,52,1.85,130.21,manual_review,google_pay
132,473,267,388,321,2026-05-19 10:28:00,29,4.81,94.87,completed,google_pay
133,564,671,403,528,2026-04-17 15:50:00,75,8.17,126.89,outside_zone,bank_card
134,772,452,547,513,2026-06-16 15:22:00,88,0.72,140.12,completed,wallet
135,726,467,85,47,2025-10-28 08:01:00,34,3.66,73.69,manual_review,google_pay
136,461,661,523,320,2025-01-31 13:39:00,6,2.66,25.40,manual_review,wallet
137,605,443,22,136,2025-09-11 22:07:00,39,7.19,97.53,completed,bank_card
138,700,23,406,272,2026-01-03 21:24:00,19,4.51,57.03,completed,wallet
139,193,114,367,482,2026-02-24 18:33:00,27,4.14,58.34,cancelled,wallet
140,449,490,327,521,2025-06-11 20:46:00,61,7.88,169.28,outside_zone,bank_card
141,575,605,122,252,2026-01-11 20:12:00,76,4.79,196.59,completed,wallet
142,233,189,487,192,2025-10-24 22:07:00,61,6.08,140.92,completed,wallet
143,850,167,400,497,2026-02-28 19:09:00,37,8.87,118.42,completed,wallet
144,764,20,134,120,2025-02-15 18:33:00,74,4.93,104.44,completed,bank_card
145,600,492,270,371,2025-09-23 07:53:00,43,5.48,91.53,completed,bank_card
146,667,202,135,550,2025-06-22 15:51:00,26,2.63,73.45,cancelled,bank_card
147,406,439,319,313,2026-01-02 06:17:00,67,7.39,179.02,completed,wallet
148,592,200,14,33,2025-12-03 19:13:00,74,7.43,157.20,completed,wallet
149,601,321,266,271,2026-01-25 07:58:00,56,6.72,118.60,completed,wallet
150,497,509,476,332,2025-12-08 15:35:00,55,7.24,133.29,manual_review,bank_card
151,535,334,498,120,2025-04-23 18:46:00,89,3.66,137.80,completed,wallet
152,179,106,119,266,2025-02-25 14:47:00,5,8.07,48.82,completed,bank_card
153,209,23,397,126,2026-05-10 10:15:00,5,1.83,29.15,completed,bank_card
154,466,486,373,159,2025-08-02 22:24:00,64,5.92,96.58,completed,google_pay
155,855,115,156,19,2025-05-07 05:58:00,9,2.75,38.03,completed,google_pay
156,298,433,469,92,2025-01-06 12:04:00,46,6.68,102.63,completed,wallet
157,58,315,408,33,2025-12-24 13:36:00,74,2.64,109.26,completed,bank_card
158,381,225,168,79,2025-06-10 06:44:00,86,5.88,206.35,completed,bank_card
159,761,487,195,202,2025-08-20 10:11:00,20,6.73,76.51,completed,wallet
160,563,41,342,377,2026-05-16 05:57:00,20,4.95,67.32,completed,bank_card
161,498,209,360,231,2025-03-14 13:17:00,57,5.49,98.74,cancelled,google_pay
162,777,666,31,369,2025-03-14 17:20:00,40,6.59,85.51,completed,wallet
163,544,647,548,442,2025-06-09 09:01:00,64,7.45,149.66,completed,wallet
164,885,9,519,200,2026-06-14 15:36:00,85,11.64,174.75,completed,bank_card
165,648,637,142,66,2025-06-05 09:55:00,15,5.36,63.16,completed,bank_card
166,60,469,141,428,2025-07-13 13:24:00,71,5.49,158.68,outside_zone,wallet
167,473,324,184,427,2026-02-06 21:11:00,19,6.04,78.21,completed,wallet
168,213,389,195,544,2025-08-10 11:36:00,11,5.98,37.86,completed,bank_card
169,482,291,190,47,2025-08-20 22:46:00,91,5.51,223.55,completed,wallet
170,251,240,156,432,2025-08-04 13:24:00,4,5.15,38.88,completed,apple_pay
171,687,232,332,187,2025-01-11 00:03:00,3,4.28,35.26,completed,google_pay
172,301,275,105,322,2025-08-16 13:09:00,35,6.47,91.99,completed,google_pay
173,389,580,211,526,2025-05-31 08:17:00,50,8.90,105.65,completed,bank_card
174,249,493,491,305,2025-08-14 18:16:00,83,5.62,191.09,completed,promo_balance
175,319,529,205,259,2026-04-15 12:45:00,74,4.67,150.05,completed,wallet
176,662,133,492,39,2026-01-17 06:46:00,81,5.81,114.83,manual_review,google_pay
177,49,263,399,540,2025-07-24 15:33:00,75,3.99,101.71,completed,bank_card
178,452,153,156,360,2025-12-20 10:37:00,33,5.06,95.82,completed,wallet
179,255,686,139,270,2025-09-28 06:17:00,53,2.23,109.16,outside_zone,wallet
180,370,633,231,57,2026-02-11 08:23:00,72,5.18,176.15,completed,wallet
181,318,359,169,306,2025-03-01 16:14:00,37,3.11,72.70,completed,bank_card
182,499,557,523,462,2025-12-17 10:18:00,33,5.05,70.79,outside_zone,bank_card
183,429,66,23,489,2025-01-13 20:10:00,30,2.11,51.28,completed,google_pay
184,498,457,364,432,2025-11-16 10:21:00,42,3.81,119.40,completed,bank_card
185,52,694,545,463,2026-05-23 21:04:00,55,3.48,128.41,completed,wallet
186,100,47,486,323,2025-12-18 17:08:00,85,9.25,197.36,completed,bank_card
187,258,148,161,109,2025-11-26 11:36:00,35,2.99,76.19,completed,promo_balance
188,732,431,503,48,2025-11-18 12:22:00,29,3.53,70.14,completed,wallet
189,420,159,332,272,2026-01-15 19:31:00,76,2.14,169.89,completed,bank_card
190,329,484,369,334,2025-09-03 10:47:00,85,5.01,169.88,completed,wallet
191,636,663,146,511,2025-10-01 14:11:00,88,1.90,146.09,completed,wallet
192,372,231,520,296,2026-05-25 06:24:00,41,2.31,74.36,completed,wallet
193,156,618,288,14,2025-11-14 07:22:00,5,3.43,31.18,manual_review,bank_card
194,507,150,507,207,2025-11-01 08:27:00,77,7.83,158.69,completed,google_pay
195,350,290,487,166,2025-11-06 15:04:00,35,1.11,63.33,completed,bank_card
196,33,591,461,247,2025-07-24 09:50:00,53,2.47,92.20,completed,wallet
197,469,298,319,135,2025-04-21 22:18:00,80,8.84,136.00,completed,google_pay
198,142,188,199,342,2026-02-10 11:23:00,50,5.72,109.08,completed,bank_card
199,757,435,533,229,2025-12-30 09:53:00,69,2.87,115.86,completed,wallet
200,217,96,426,141,2026-06-02 09:03:00,56,5.79,159.35,completed,wallet
201,455,394,359,270,2026-05-27 16:25:00,28,4.99,66.59,completed,wallet
202,91,73,266,180,2025-09-05 14:10:00,13,3.65,45.86,completed,wallet
203,55,569,359,410,2025-10-03 07:55:00,72,4.31,152.33,completed,google_pay
204,744,50,177,158,2026-04-05 23:39:00,65,2.99,163.00,completed,bank_card
205,385,598,188,138,2025-10-18 17:53:00,51,4.89,114.83,completed,wallet
206,861,301,1,521,2025-10-12 17:19:00,12,3.95,48.17,completed,apple_pay
207,624,241,176,278,2026-03-24 22:37:00,63,8.44,163.94,completed,bank_card
208,780,7,239,514,2025-01-13 23:45:00,8,6.52,42.71,completed,bank_card
209,431,568,442,548,2025-04-27 15:27:00,73,1.31,108.69,completed,bank_card
210,110,442,324,268,2025-09-19 18:59:00,36,3.80,101.44,completed,wallet
211,315,261,139,515,2026-04-16 10:55:00,44,5.70,77.77,completed,wallet
212,313,341,43,404,2025-08-16 23:41:00,22,4.83,54.57,battery_empty,google_pay
213,300,301,285,259,2025-06-28 05:16:00,50,2.85,86.39,completed,google_pay
214,39,352,191,189,2026-02-12 05:52:00,55,2.56,116.41,completed,apple_pay
215,867,697,424,324,2025-04-17 18:56:00,19,8.25,81.84,completed,wallet
216,323,667,366,377,2025-08-17 19:21:00,46,3.45,78.52,completed,bank_card
217,409,283,412,265,2025-04-23 10:09:00,87,7.36,166.81,cancelled,wallet
218,806,392,378,212,2025-12-19 11:45:00,16,2.50,46.42,completed,apple_pay
219,236,112,93,134,2025-05-01 10:15:00,71,3.69,119.16,completed,apple_pay
220,587,189,511,368,2025-08-06 05:03:00,15,6.85,66.31,cancelled,bank_card
221,32,590,435,457,2026-01-21 07:25:00,15,5.58,65.38,completed,apple_pay
222,154,5,234,42,2025-12-14 06:32:00,50,7.94,113.01,completed,bank_card
223,747,135,213,314,2025-11-19 20:43:00,85,4.53,147.61,battery_empty,wallet
224,794,12,475,58,2025-07-06 22:38:00,52,7.94,115.73,manual_review,wallet
225,419,464,396,150,2026-02-27 07:50:00,62,5.70,160.19,completed,wallet
226,886,496,536,75,2025-12-29 18:37:00,84,0.20,168.26,completed,bank_card
227,676,15,404,10,2025-07-23 09:16:00,84,4.90,196.05,outside_zone,bank_card
228,544,579,47,83,2026-04-29 06:46:00,89,8.77,171.97,completed,wallet
229,656,412,332,380,2026-03-02 19:48:00,76,6.22,118.95,completed,wallet
230,375,606,536,321,2025-04-05 20:27:00,12,6.37,49.42,completed,wallet
231,46,187,83,293,2025-09-08 13:39:00,29,4.98,80.03,completed,google_pay
232,243,374,286,363,2026-04-24 18:57:00,60,4.37,118.15,completed,apple_pay
233,774,141,267,374,2025-08-16 23:15:00,30,5.43,54.40,completed,wallet
234,448,343,135,265,2026-04-23 00:42:00,78,3.36,139.86,completed,promo_balance
235,278,121,217,106,2026-04-08 06:00:00,53,6.54,125.36,completed,wallet
236,298,372,529,480,2025-07-31 21:03:00,7,5.25,39.97,completed,bank_card
237,177,325,457,380,2026-02-02 17:41:00,12,1.09,35.81,completed,apple_pay
238,19,102,286,506,2025-08-18 05:32:00,49,7.51,111.33,completed,bank_card
239,442,389,477,451,2025-09-08 15:30:00,77,4.21,117.51,completed,bank_card
240,850,274,195,307,2026-03-23 14:56:00,27,6.45,82.71,completed,bank_card
241,831,575,77,416,2025-02-23 20:35:00,28,5.43,82.88,completed,apple_pay
242,255,688,463,419,2025-06-03 11:43:00,47,7.51,85.60,completed,google_pay
243,283,502,463,59,2025-11-02 17:13:00,70,3.63,141.99,completed,bank_card
244,755,209,77,153,2026-04-09 05:44:00,8,2.28,36.33,completed,wallet
245,195,149,548,200,2025-04-19 16:28:00,50,5.59,111.45,outside_zone,bank_card
246,750,235,474,240,2026-06-10 07:10:00,52,2.09,74.59,completed,wallet
247,337,483,106,337,2025-06-24 17:16:00,83,6.68,197.78,completed,bank_card
248,282,485,495,59,2025-04-24 14:17:00,62,4.13,108.90,cancelled,google_pay
249,775,502,401,351,2025-07-27 21:47:00,70,6.59,102.17,manual_review,wallet
250,203,546,390,471,2025-10-16 14:15:00,26,4.28,71.81,battery_empty,bank_card
251,542,553,10,87,2025-04-22 00:40:00,70,1.69,119.47,cancelled,wallet
252,146,173,168,196,2025-08-20 15:52:00,93,5.31,174.87,completed,promo_balance
253,772,144,375,283,2025-11-17 06:57:00,79,2.34,135.86,completed,google_pay
254,262,510,383,49,2025-09-01 16:08:00,84,3.90,151.79,completed,bank_card
255,374,503,56,307,2025-03-27 19:25:00,64,7.21,108.95,cancelled,apple_pay
256,323,236,516,13,2026-03-06 13:49:00,35,4.99,80.51,outside_zone,bank_card
257,680,640,436,101,2025-11-06 13:15:00,55,3.16,119.81,cancelled,bank_card
258,867,145,221,23,2025-02-10 06:31:00,87,7.63,225.50,completed,wallet
259,369,177,168,153,2025-08-06 20:50:00,46,1.85,82.64,outside_zone,google_pay
260,307,691,218,174,2025-03-04 09:51:00,72,4.89,112.39,completed,bank_card
261,504,412,245,371,2025-08-04 10:39:00,72,3.06,164.06,completed,wallet
262,155,151,541,287,2025-11-10 19:29:00,20,0.20,38.98,outside_zone,apple_pay
263,92,357,147,493,2025-08-11 18:10:00,66,2.84,131.67,completed,bank_card
264,808,92,151,428,2026-05-31 00:43:00,59,7.68,94.13,completed,bank_card
265,321,85,397,194,2025-03-31 19:17:00,12,0.20,35.02,completed,google_pay
266,297,447,528,31,2025-03-21 13:33:00,85,5.89,170.73,manual_review,bank_card
267,2,452,410,360,2025-09-12 07:27:00,45,2.92,97.08,completed,promo_balance
268,137,110,419,512,2025-12-01 19:01:00,52,6.27,85.48,completed,wallet
269,132,234,35,394,2025-04-08 17:10:00,40,5.97,119.48,completed,promo_balance
270,626,326,523,42,2026-05-23 16:00:00,6,6.96,47.88,completed,bank_card
271,532,593,121,275,2025-08-01 09:00:00,31,2.90,85.92,manual_review,promo_balance
272,489,307,384,238,2025-07-14 05:30:00,44,5.20,85.11,cancelled,wallet
273,349,695,406,306,2026-01-12 10:58:00,4,7.24,44.63,completed,wallet
274,199,512,338,41,2025-10-25 17:02:00,27,5.65,75.92,completed,google_pay
275,479,42,73,233,2025-01-26 15:23:00,54,5.86,120.93,completed,wallet
276,845,620,56,385,2025-12-11 13:04:00,13,7.35,46.03,manual_review,wallet
277,782,201,329,222,2025-02-14 23:51:00,33,4.01,91.56,completed,wallet
278,329,579,92,177,2025-03-05 00:23:00,14,2.20,45.81,completed,wallet
279,189,105,120,109,2025-10-08 12:05:00,95,3.68,229.14,manual_review,bank_card
280,749,510,190,369,2025-01-23 08:03:00,42,6.15,77.34,completed,wallet
281,661,117,210,500,2025-06-04 07:39:00,22,9.32,72.88,completed,wallet
282,213,12,437,495,2025-04-24 21:53:00,87,5.62,197.51,completed,wallet
283,743,609,476,247,2026-06-12 14:40:00,86,2.23,176.88,completed,promo_balance
284,680,236,424,23,2026-04-27 00:24:00,94,2.10,149.10,completed,bank_card
285,428,583,24,126,2025-07-09 14:49:00,82,3.76,199.80,outside_zone,wallet
286,447,166,158,337,2025-01-15 11:08:00,9,2.89,38.88,completed,bank_card
287,41,184,302,39,2025-05-09 14:18:00,26,3.94,68.46,completed,bank_card
288,841,49,457,42,2025-11-03 13:38:00,95,6.45,227.89,completed,wallet
289,190,206,419,340,2025-11-30 20:56:00,68,3.39,141.29,completed,bank_card
290,560,343,375,121,2025-05-02 06:57:00,89,8.51,140.61,completed,wallet
291,266,231,489,536,2026-05-29 11:24:00,50,5.23,119.94,completed,wallet
292,809,122,321,469,2025-11-30 16:41:00,60,1.93,129.16,completed,wallet
293,478,510,519,264,2025-08-11 21:56:00,52,5.24,94.51,completed,bank_card
294,503,2,314,136,2025-12-06 14:11:00,91,6.41,167.81,manual_review,bank_card
295,459,43,298,205,2025-09-12 19:32:00,12,10.11,66.07,cancelled,wallet
296,864,38,251,425,2026-03-03 15:14:00,21,6.26,66.29,outside_zone,bank_card
297,485,684,428,344,2025-10-09 12:46:00,87,5.49,124.77,completed,wallet
298,136,278,206,214,2025-02-06 21:24:00,40,4.17,81.53,completed,wallet
299,690,75,532,386,2026-05-03 14:14:00,20,5.85,56.66,outside_zone,apple_pay
300,353,70,211,314,2025-08-03 10:20:00,51,2.48,115.70,completed,apple_pay
301,229,399,169,468,2026-05-06 05:17:00,19,4.23,65.76,completed,bank_card
302,457,700,377,141,2025-11-19 20:05:00,43,6.49,97.53,completed,wallet
303,63,561,97,250,2025-01-01 14:10:00,95,0.48,200.71,completed,bank_card
304,369,141,202,248,2025-07-03 08:41:00,63,3.51,96.01,completed,bank_card
305,884,66,13,543,2025-11-15 10:48:00,40,5.09,108.85,completed,wallet
306,158,345,79,7,2026-04-09 17:07:00,56,5.15,121.52,completed,wallet
307,233,214,43,229,2025-05-30 14:51:00,40,5.12,79.35,outside_zone,google_pay
308,821,419,295,117,2025-12-06 13:12:00,30,5.36,75.74,completed,wallet
309,375,138,10,151,2025-02-13 05:42:00,27,2.80,63.77,completed,wallet
310,78,241,103,524,2025-04-24 06:38:00,93,5.78,226.82,battery_empty,bank_card
311,807,151,138,98,2025-02-16 13:01:00,35,5.94,74.37,completed,bank_card
312,554,70,110,505,2026-02-13 18:14:00,52,4.87,97.44,completed,wallet
313,63,425,521,525,2025-07-24 07:17:00,42,4.43,90.54,completed,promo_balance
314,874,69,481,465,2026-03-23 07:18:00,24,4.17,70.41,outside_zone,promo_balance
315,894,94,353,504,2025-02-14 19:00:00,88,11.04,207.41,completed,wallet
316,900,249,171,167,2025-10-06 13:52:00,29,6.34,87.41,completed,wallet
317,181,479,97,117,2025-08-01 14:32:00,25,2.49,58.18,completed,bank_card
318,738,307,88,11,2025-04-02 14:35:00,18,2.98,42.06,completed,bank_card
319,616,428,252,58,2025-03-15 09:29:00,65,2.78,154.89,completed,bank_card
320,304,364,64,15,2025-08-12 21:36:00,64,3.97,101.23,completed,wallet
321,721,4,503,364,2026-01-22 14:55:00,83,3.27,157.98,completed,google_pay
322,399,571,111,426,2025-01-01 17:43:00,55,3.48,127.33,completed,google_pay
323,386,42,502,99,2025-09-25 16:50:00,15,7.47,58.56,completed,bank_card
324,55,325,29,344,2025-12-16 08:16:00,51,4.21,87.64,completed,wallet
325,727,598,513,276,2026-04-09 14:47:00,59,1.86,81.67,completed,bank_card
326,650,544,93,424,2025-12-16 09:32:00,54,3.84,138.83,completed,apple_pay
327,807,307,266,423,2025-12-02 11:10:00,68,5.57,153.26,completed,bank_card
328,647,71,74,316,2025-01-22 11:46:00,66,4.15,154.69,completed,bank_card
329,863,294,441,183,2025-11-06 22:19:00,17,5.23,67.51,completed,wallet
330,592,127,350,466,2025-10-18 00:47:00,5,8.68,40.46,completed,google_pay
331,283,191,245,457,2025-08-07 18:20:00,24,6.51,66.11,manual_review,wallet
332,732,110,429,249,2025-03-31 22:48:00,68,0.20,88.17,completed,bank_card
333,625,326,81,240,2025-05-18 14:59:00,29,6.38,66.28,completed,promo_balance
334,380,138,278,17,2025-03-22 19:32:00,67,2.42,101.20,completed,bank_card
335,690,137,435,18,2025-09-24 08:02:00,75,8.39,125.61,battery_empty,wallet
336,523,254,37,48,2025-10-30 13:45:00,70,3.05,137.18,completed,bank_card
337,574,423,103,388,2026-02-24 13:06:00,45,5.00,77.56,completed,apple_pay
338,167,379,499,498,2025-02-26 09:59:00,81,5.39,163.50,completed,bank_card
339,41,95,539,150,2026-02-25 12:13:00,32,6.20,98.35,completed,google_pay
340,827,40,142,412,2025-07-28 12:00:00,13,4.82,47.00,completed,bank_card
341,544,370,228,452,2025-06-06 00:58:00,24,5.85,84.39,completed,bank_card
342,501,128,106,253,2025-09-13 23:41:00,67,6.41,167.08,completed,bank_card
343,344,299,201,355,2025-05-09 11:27:00,23,6.44,70.59,completed,bank_card
344,860,351,330,447,2025-12-21 09:04:00,47,4.54,124.52,completed,bank_card
345,68,577,381,182,2025-01-06 05:24:00,15,0.20,43.38,completed,apple_pay
346,4,182,309,141,2025-02-08 13:39:00,64,6.99,120.78,completed,google_pay
347,148,16,116,21,2025-01-26 06:38:00,71,6.32,167.23,cancelled,bank_card
348,437,328,225,245,2025-02-18 07:46:00,41,3.00,90.20,completed,google_pay
349,859,219,534,429,2025-10-10 12:00:00,81,9.29,136.54,completed,bank_card
350,93,622,503,514,2025-08-13 19:47:00,81,4.91,124.10,completed,apple_pay
351,467,387,108,217,2026-03-22 16:36:00,13,4.36,55.15,completed,google_pay
352,80,324,40,227,2025-07-04 09:16:00,48,6.61,91.40,outside_zone,wallet
353,545,393,549,488,2025-12-12 18:18:00,12,5.13,50.14,completed,bank_card
354,829,221,71,416,2025-07-27 08:28:00,75,6.76,145.77,completed,google_pay
355,157,506,415,372,2025-08-23 05:16:00,23,2.42,55.53,cancelled,wallet
356,53,679,81,520,2025-03-25 22:20:00,19,7.58,53.41,completed,bank_card
357,235,625,109,426,2026-06-05 17:40:00,57,3.18,124.33,completed,promo_balance
358,14,371,463,523,2026-04-06 19:20:00,63,1.83,98.13,completed,apple_pay
359,470,421,247,518,2025-05-20 10:08:00,41,6.37,90.09,completed,promo_balance
360,856,83,491,129,2025-08-13 11:36:00,31,2.41,85.81,completed,wallet
361,728,490,111,506,2025-04-03 08:04:00,54,4.47,113.57,completed,wallet
362,775,351,329,243,2025-07-30 10:47:00,55,5.97,94.62,completed,wallet
363,720,34,130,253,2026-04-04 18:15:00,95,3.78,169.91,completed,wallet
364,116,419,285,269,2025-05-30 21:30:00,8,8.91,53.68,completed,bank_card
365,316,520,543,253,2026-05-28 18:01:00,82,3.60,176.50,completed,wallet
366,237,544,138,289,2026-01-06 12:25:00,84,2.33,195.60,outside_zone,google_pay
367,200,9,282,227,2025-08-22 00:13:00,18,4.60,68.46,completed,google_pay
368,49,423,497,377,2026-06-08 21:30:00,16,5.16,63.10,completed,wallet
369,845,445,350,100,2025-02-10 22:42:00,84,4.78,178.26,cancelled,wallet
370,566,353,412,98,2025-12-31 08:19:00,69,5.98,106.70,completed,wallet
371,430,308,82,539,2026-04-22 15:33:00,89,7.61,206.57,completed,google_pay
372,399,494,194,486,2025-03-29 18:35:00,10,5.82,55.03,completed,wallet
373,250,550,212,396,2025-08-28 19:00:00,92,7.87,238.25,completed,bank_card
374,203,34,147,387,2025-07-16 17:14:00,6,5.44,43.78,completed,apple_pay
375,222,520,306,464,2025-01-19 06:32:00,55,3.15,85.46,completed,wallet
376,294,598,139,175,2025-09-25 12:41:00,6,2.81,29.02,completed,apple_pay
377,94,384,499,123,2026-02-27 11:03:00,69,8.43,123.46,cancelled,bank_card
378,245,91,390,541,2025-03-09 06:25:00,13,1.52,38.44,completed,bank_card
379,24,584,316,195,2025-07-05 10:18:00,61,4.11,101.57,completed,bank_card
380,30,296,405,507,2025-08-14 08:29:00,55,1.78,106.33,completed,apple_pay
381,837,132,166,421,2025-06-08 05:10:00,95,5.88,236.27,completed,google_pay
382,397,253,317,389,2025-02-23 13:49:00,24,4.30,69.88,completed,google_pay
383,797,506,481,387,2026-06-07 05:04:00,84,2.95,115.24,completed,apple_pay
384,294,520,518,70,2026-01-16 22:24:00,14,4.83,45.51,completed,bank_card
385,159,351,529,53,2026-03-17 06:32:00,8,5.69,36.02,completed,bank_card
386,547,234,494,187,2025-04-04 09:32:00,3,7.44,44.46,completed,bank_card
387,532,321,507,373,2025-11-25 23:40:00,80,5.19,178.49,completed,bank_card
388,251,147,53,438,2025-05-11 07:01:00,75,6.71,135.07,completed,bank_card
389,321,55,348,465,2025-08-11 22:23:00,3,4.66,32.25,completed,bank_card
390,157,496,333,33,2025-10-23 17:40:00,25,6.24,74.94,completed,apple_pay
391,694,163,98,442,2025-03-30 14:58:00,26,4.43,63.11,completed,google_pay
392,733,675,493,130,2025-01-02 00:42:00,51,4.23,120.55,completed,wallet
393,461,381,369,289,2025-08-04 15:18:00,59,5.04,100.38,completed,wallet
394,598,368,152,201,2025-08-17 22:46:00,59,4.18,104.79,cancelled,bank_card
395,607,499,66,115,2026-01-31 18:10:00,82,4.97,166.04,completed,apple_pay
396,199,506,394,326,2025-02-27 21:08:00,30,7.89,88.91,battery_empty,wallet
397,343,226,538,349,2025-08-30 11:32:00,84,4.67,186.90,completed,promo_balance
398,676,561,540,68,2025-07-18 05:34:00,17,0.20,38.77,completed,wallet
399,421,499,500,239,2025-04-15 14:40:00,51,4.89,128.70,completed,bank_card
400,552,660,349,317,2025-08-16 08:17:00,55,5.05,119.40,completed,google_pay
401,737,526,324,288,2025-01-30 12:29:00,68,5.35,166.61,completed,wallet
402,242,178,282,47,2025-05-22 17:44:00,29,3.18,74.64,completed,promo_balance
403,426,79,308,429,2025-09-03 08:35:00,70,4.18,111.14,cancelled,bank_card
404,67,157,199,244,2025-11-06 14:13:00,57,5.13,116.56,completed,wallet
405,181,448,101,282,2026-02-01 20:01:00,41,3.43,96.35,completed,wallet
406,217,87,465,429,2025-02-22 07:32:00,13,3.86,50.62,completed,wallet
407,431,78,348,46,2025-12-03 17:46:00,3,6.51,39.41,completed,wallet
408,482,135,399,10,2026-01-14 19:28:00,18,6.40,75.23,completed,bank_card
409,538,667,113,36,2026-03-13 07:35:00,12,4.86,40.09,completed,google_pay
410,649,620,183,4,2025-01-02 21:37:00,57,6.43,106.90,completed,wallet
411,679,303,33,313,2025-12-01 09:16:00,37,4.12,93.11,completed,wallet
412,878,582,362,336,2026-03-01 00:30:00,86,1.61,106.23,battery_empty,wallet
413,401,262,314,129,2025-12-18 17:07:00,38,6.69,85.00,completed,promo_balance
414,351,670,119,282,2025-11-11 08:23:00,24,3.63,48.38,completed,wallet
415,876,339,38,13,2025-08-14 06:42:00,63,3.89,155.73,completed,wallet
416,714,627,161,499,2026-03-31 13:16:00,50,6.35,130.09,completed,google_pay
417,200,97,197,541,2026-05-07 16:25:00,26,7.52,97.79,battery_empty,bank_card
418,883,341,326,400,2025-02-19 15:19:00,4,0.55,18.90,completed,google_pay
419,847,437,513,142,2025-07-24 16:49:00,59,4.24,93.86,completed,apple_pay
420,4,14,495,181,2026-05-05 13:40:00,14,4.22,40.06,completed,wallet
421,172,272,271,261,2026-05-16 08:17:00,31,2.99,61.87,completed,bank_card
422,764,450,212,48,2026-02-15 07:54:00,72,9.37,154.63,completed,bank_card
423,301,455,236,393,2026-02-09 15:54:00,86,2.30,115.09,outside_zone,wallet
424,60,694,312,4,2025-08-23 07:10:00,40,6.80,103.72,completed,wallet
425,213,83,352,100,2026-02-19 15:11:00,69,7.13,102.97,completed,apple_pay
426,75,412,401,543,2026-03-25 18:16:00,26,3.82,64.49,completed,apple_pay
427,620,139,352,234,2025-08-30 13:29:00,68,6.82,132.55,completed,bank_card
428,267,41,339,172,2025-08-13 19:23:00,54,8.57,107.77,completed,wallet
429,75,54,305,465,2025-12-16 22:02:00,77,2.57,100.34,completed,wallet
430,679,32,490,151,2025-05-14 06:30:00,5,7.40,40.67,cancelled,bank_card
431,29,314,153,83,2025-06-28 16:06:00,77,5.09,178.14,completed,bank_card
432,109,206,198,427,2026-04-04 13:05:00,75,4.74,189.58,completed,wallet
433,625,560,377,195,2025-07-07 18:31:00,95,6.96,223.67,completed,wallet
434,305,485,97,332,2025-06-21 18:59:00,88,8.72,219.55,battery_empty,apple_pay
435,16,460,28,102,2026-02-23 21:24:00,88,5.89,204.40,completed,bank_card
436,458,412,125,496,2025-06-07 16:13:00,64,3.33,110.99,manual_review,google_pay
437,400,47,377,334,2025-11-09 23:32:00,77,5.90,165.74,completed,wallet
438,450,678,295,74,2025-06-25 11:17:00,19,5.83,67.80,completed,bank_card
439,109,688,449,351,2025-06-17 13:15:00,47,3.91,82.64,completed,wallet
440,654,288,2,322,2025-04-28 08:58:00,68,2.82,149.10,completed,apple_pay
441,382,124,39,537,2025-01-19 11:07:00,36,4.77,72.64,completed,wallet
442,533,394,90,173,2025-11-28 11:59:00,64,5.41,138.66,completed,bank_card
443,400,558,416,329,2026-03-14 14:02:00,11,4.73,47.00,manual_review,wallet
444,779,224,434,49,2025-05-28 19:46:00,79,3.04,122.01,completed,wallet
445,874,61,413,323,2025-08-26 11:50:00,28,4.78,55.99,completed,wallet
446,863,536,206,303,2025-07-04 15:42:00,62,2.81,104.18,completed,bank_card
447,425,269,34,487,2025-05-16 07:17:00,60,2.96,153.50,completed,promo_balance
448,394,67,300,110,2025-05-26 20:57:00,20,2.30,60.77,outside_zone,apple_pay
449,709,264,289,79,2026-05-22 23:38:00,81,5.94,162.01,completed,bank_card
450,160,336,442,227,2026-03-02 14:50:00,40,6.70,108.93,completed,apple_pay
451,133,573,75,239,2025-03-29 10:55:00,27,5.50,58.74,completed,wallet
452,399,338,137,216,2025-08-05 23:13:00,39,3.36,84.10,completed,wallet
453,71,645,247,141,2025-11-03 15:54:00,65,2.89,86.97,manual_review,google_pay
454,451,387,397,178,2026-06-15 15:17:00,22,6.10,68.79,completed,apple_pay
455,592,86,138,174,2025-02-24 14:56:00,7,3.67,39.24,completed,wallet
456,757,302,258,276,2025-12-10 16:04:00,5,5.84,38.06,completed,wallet
457,339,395,345,17,2025-03-29 13:54:00,6,4.96,42.39,completed,google_pay
458,388,174,46,455,2025-02-16 20:11:00,15,7.41,63.52,completed,promo_balance
459,740,520,442,434,2025-04-15 15:57:00,8,5.61,38.73,completed,apple_pay
460,830,3,77,447,2026-03-14 20:30:00,12,5.33,59.43,completed,promo_balance
461,231,273,522,527,2026-03-14 23:15:00,22,1.50,44.00,battery_empty,wallet
462,328,82,141,532,2025-07-12 19:13:00,51,1.56,111.81,outside_zone,bank_card
463,887,336,233,359,2025-06-18 14:18:00,17,3.86,51.37,battery_empty,apple_pay
464,482,24,464,497,2025-12-23 12:37:00,45,4.13,90.85,completed,wallet
465,99,557,140,40,2026-06-20 15:00:00,42,4.36,91.06,completed,wallet
466,428,395,332,469,2025-11-12 11:15:00,63,3.54,132.34,battery_empty,bank_card
467,149,340,153,352,2025-06-29 22:11:00,17,6.12,61.90,completed,bank_card
468,822,357,6,206,2026-06-18 21:37:00,14,3.97,50.57,completed,bank_card
469,172,611,304,31,2025-08-22 21:05:00,39,3.74,86.85,completed,bank_card
470,95,503,88,403,2026-02-10 06:29:00,35,2.70,67.88,completed,apple_pay
471,512,237,48,325,2025-06-28 09:32:00,36,4.46,79.78,completed,wallet
472,708,39,307,448,2025-03-03 00:17:00,81,2.98,183.78,completed,wallet
473,135,278,341,6,2025-10-28 20:52:00,73,0.20,169.83,completed,bank_card
474,321,200,484,370,2026-06-14 23:19:00,90,1.83,172.12,completed,wallet
475,95,88,489,90,2026-01-22 14:08:00,52,5.76,121.17,completed,wallet
476,334,630,309,236,2025-02-18 15:56:00,21,4.62,53.52,completed,bank_card
477,841,312,236,27,2025-03-20 21:59:00,85,7.27,122.30,completed,wallet
478,388,35,421,98,2025-06-19 21:18:00,65,3.20,108.55,completed,google_pay
479,86,202,200,518,2025-11-21 19:44:00,18,0.75,46.80,completed,bank_card
480,216,342,225,296,2025-09-03 09:42:00,50,6.97,102.07,completed,wallet
481,852,290,114,264,2025-09-05 10:08:00,12,6.27,52.53,completed,wallet
482,180,611,276,501,2026-03-07 06:25:00,16,6.37,58.16,completed,wallet
483,529,327,513,278,2026-03-10 05:40:00,63,4.39,99.48,completed,wallet
484,192,433,144,461,2025-02-10 00:01:00,81,4.67,132.20,completed,wallet
485,658,461,138,192,2025-05-28 18:39:00,29,7.30,72.56,outside_zone,wallet
486,616,277,216,231,2026-04-17 09:14:00,44,5.85,81.14,completed,wallet
487,751,28,415,29,2025-04-30 18:38:00,14,0.20,31.68,completed,wallet
488,245,135,219,186,2026-01-21 10:55:00,3,6.38,41.51,completed,bank_card
489,807,303,258,433,2026-04-10 21:09:00,77,6.75,142.19,completed,wallet
490,382,398,522,26,2026-03-31 22:20:00,60,3.57,126.56,completed,google_pay
491,106,145,235,393,2025-09-07 22:40:00,33,4.94,89.10,completed,bank_card
492,864,316,343,91,2026-04-21 08:17:00,47,7.05,87.41,completed,wallet
493,494,350,544,533,2025-02-10 15:04:00,55,2.87,89.92,outside_zone,wallet
494,520,184,413,224,2025-08-14 15:31:00,89,4.13,170.87,completed,google_pay
495,577,623,229,438,2025-01-19 16:27:00,88,4.81,206.32,completed,bank_card
496,107,428,222,521,2025-10-22 19:55:00,81,4.27,154.53,completed,wallet
497,474,29,219,384,2026-03-12 19:47:00,47,5.14,114.33,completed,bank_card
498,773,103,91,486,2025-10-29 15:29:00,80,6.65,131.54,outside_zone,bank_card
499,363,118,127,141,2025-03-24 19:53:00,44,2.43,77.06,cancelled,bank_card
500,184,420,71,523,2025-09-15 05:56:00,65,2.69,116.63,battery_empty,bank_card
501,730,150,226,71,2025-04-15 13:01:00,59,5.07,146.58,battery_empty,bank_card
502,860,455,262,264,2025-03-06 21:53:00,57,3.40,95.67,battery_empty,bank_card
503,754,400,339,546,2025-11-11 22:39:00,67,9.02,131.87,cancelled,bank_card
504,826,165,250,234,2026-02-05 21:36:00,20,4.99,72.51,completed,wallet
505,579,268,8,35,2026-04-10 06:27:00,8,1.86,36.75,completed,wallet
506,877,569,322,417,2025-04-17 18:28:00,40,6.72,78.69,completed,google_pay
507,493,369,416,171,2025-09-01 15:52:00,72,2.57,151.73,completed,bank_card
508,258,685,142,356,2025-03-12 18:30:00,58,4.48,125.90,completed,wallet
509,230,148,483,418,2025-06-15 11:32:00,30,4.74,95.60,outside_zone,google_pay
510,687,9,200,452,2025-03-07 14:17:00,30,5.21,67.15,completed,bank_card
511,559,91,322,305,2025-10-30 18:22:00,57,7.74,119.02,completed,promo_balance
512,430,510,281,79,2025-04-14 15:44:00,46,8.06,140.24,manual_review,promo_balance
513,31,450,510,396,2026-02-11 23:38:00,91,5.96,145.23,completed,bank_card
514,416,459,430,237,2025-02-19 08:51:00,8,1.30,34.14,completed,bank_card
515,307,435,384,497,2025-12-27 18:34:00,39,4.91,69.92,completed,apple_pay
516,849,53,197,49,2025-10-18 08:31:00,22,1.04,62.92,manual_review,wallet
517,579,659,150,106,2026-02-05 19:26:00,88,4.74,194.37,completed,bank_card
518,635,634,224,99,2025-09-07 17:24:00,94,7.55,248.48,completed,apple_pay
519,830,225,119,1,2025-03-25 23:47:00,45,6.08,93.23,completed,bank_card
520,100,678,359,356,2026-05-20 06:24:00,13,1.95,35.71,completed,apple_pay
521,199,414,185,451,2026-03-23 05:43:00,8,4.38,47.56,completed,wallet
522,288,616,13,211,2025-11-03 19:14:00,89,2.86,148.59,outside_zone,bank_card
523,312,614,460,230,2025-03-19 09:19:00,82,1.70,163.29,completed,wallet
524,462,544,356,482,2025-03-13 00:48:00,40,1.65,88.32,cancelled,bank_card
525,369,409,104,389,2026-03-02 11:57:00,57,1.53,99.73,completed,google_pay
526,1,187,545,369,2026-03-31 14:26:00,88,4.80,203.55,completed,bank_card
527,812,224,124,230,2025-03-07 23:40:00,69,5.62,155.82,completed,promo_balance
528,118,200,268,125,2026-03-18 20:14:00,67,2.18,123.16,outside_zone,apple_pay
529,213,17,97,351,2026-01-03 06:15:00,70,6.62,179.04,completed,wallet
530,147,664,351,371,2025-04-11 00:51:00,40,1.25,99.36,completed,wallet
531,845,133,320,288,2026-02-14 10:07:00,5,5.07,38.54,completed,wallet
532,25,620,546,376,2025-01-16 13:06:00,17,8.00,66.35,completed,google_pay
533,116,618,233,164,2026-04-04 20:11:00,95,5.22,220.16,completed,google_pay
534,466,449,391,395,2026-04-09 11:04:00,8,5.36,42.49,completed,google_pay
535,835,537,476,186,2025-08-22 23:17:00,93,6.04,210.78,completed,wallet
536,634,138,325,275,2025-03-31 08:58:00,37,5.01,72.51,battery_empty,wallet
537,54,607,312,241,2025-08-22 09:53:00,57,4.24,141.02,completed,wallet
538,231,543,410,372,2026-02-05 07:42:00,10,5.07,41.66,completed,wallet
539,332,663,319,116,2025-12-02 08:56:00,36,4.75,88.68,completed,wallet
540,35,95,71,15,2025-12-04 14:03:00,80,6.54,147.20,completed,promo_balance
541,709,56,414,329,2025-06-08 17:40:00,39,1.61,69.39,completed,wallet
542,851,47,497,539,2025-02-10 10:40:00,21,4.17,62.74,completed,bank_card
543,407,335,359,502,2025-03-27 21:33:00,75,6.44,135.69,completed,bank_card
544,605,28,258,370,2025-03-06 22:00:00,19,3.40,67.18,completed,apple_pay
545,215,1,315,94,2026-05-07 17:12:00,40,2.81,95.58,completed,wallet
546,686,337,82,106,2026-01-01 08:41:00,19,5.18,61.68,completed,wallet
547,241,490,183,419,2025-02-02 00:51:00,89,7.63,222.85,completed,promo_balance
548,213,581,358,539,2025-10-11 07:32:00,45,3.43,113.10,completed,google_pay
549,755,664,395,504,2025-09-18 10:09:00,73,3.54,140.95,completed,apple_pay
550,204,72,272,395,2025-01-08 21:14:00,86,3.72,135.26,completed,wallet
551,384,633,298,212,2025-09-17 19:59:00,62,6.35,136.00,completed,wallet
552,659,393,195,490,2026-03-06 10:34:00,51,4.28,77.10,completed,wallet
553,728,92,113,112,2026-03-26 20:37:00,73,6.82,130.35,cancelled,wallet
554,394,77,62,494,2025-03-28 06:32:00,18,9.56,68.56,completed,bank_card
555,767,229,119,376,2025-07-14 09:51:00,15,4.44,55.41,completed,wallet
556,731,254,252,92,2025-04-29 05:18:00,4,1.27,21.80,completed,wallet
557,562,417,488,284,2026-04-30 08:51:00,62,2.45,130.03,completed,wallet
558,522,280,519,2,2026-06-02 22:20:00,56,6.03,151.50,completed,apple_pay
559,74,389,51,134,2026-02-25 20:13:00,94,6.32,229.89,completed,bank_card
560,374,240,520,224,2025-05-26 14:41:00,16,2.87,51.63,completed,wallet
561,270,615,234,470,2025-05-06 05:55:00,40,3.56,83.34,completed,bank_card
562,792,576,52,269,2025-06-25 23:17:00,25,4.23,65.02,completed,wallet
563,14,506,429,8,2025-05-18 15:06:00,3,6.78,35.90,completed,bank_card
564,303,445,232,118,2025-02-15 21:48:00,59,4.52,146.80,completed,bank_card
565,429,472,32,116,2026-02-12 19:47:00,39,3.33,76.92,completed,wallet
566,717,548,247,101,2025-11-23 07:58:00,27,3.35,59.41,completed,wallet
567,638,591,259,445,2026-03-26 13:52:00,5,4.01,32.60,completed,bank_card
568,70,126,462,249,2025-02-16 18:30:00,41,1.97,91.71,completed,wallet
569,177,300,150,333,2025-10-02 14:38:00,35,8.56,110.07,completed,google_pay
570,238,2,469,43,2025-09-03 23:17:00,15,4.74,47.10,manual_review,wallet
571,637,655,415,359,2026-04-05 10:32:00,72,3.36,131.78,completed,bank_card
572,590,692,95,89,2025-09-12 07:48:00,59,6.17,142.96,completed,bank_card
573,134,394,538,520,2026-01-09 22:22:00,85,2.83,144.63,completed,apple_pay
574,442,375,99,200,2025-09-01 06:38:00,78,1.66,137.33,completed,wallet
575,20,626,11,493,2025-06-29 12:20:00,91,4.38,218.57,completed,apple_pay
576,247,673,435,240,2025-09-21 06:39:00,38,4.24,90.95,completed,wallet
577,367,91,136,197,2025-10-09 11:12:00,15,7.01,74.27,completed,wallet
578,676,558,129,319,2026-05-18 16:01:00,22,2.42,47.08,manual_review,wallet
579,241,617,260,172,2025-06-10 05:32:00,11,0.20,34.98,completed,wallet
580,344,361,58,512,2025-10-11 10:39:00,83,1.57,159.15,completed,bank_card
581,450,292,32,56,2025-08-03 11:40:00,62,5.28,137.06,completed,google_pay
582,737,370,437,294,2026-03-14 15:20:00,91,2.54,210.93,completed,promo_balance
583,642,93,214,125,2025-01-10 00:36:00,36,7.20,76.77,completed,bank_card
584,72,66,3,36,2025-05-30 14:35:00,20,2.79,62.76,completed,promo_balance
585,838,277,343,127,2026-03-23 23:00:00,23,8.50,74.14,battery_empty,bank_card
586,808,594,443,163,2025-08-17 00:45:00,85,2.19,199.10,outside_zone,bank_card
587,752,164,64,393,2025-12-22 15:42:00,66,2.53,155.16,completed,wallet
588,323,68,272,127,2025-10-16 18:06:00,82,3.12,170.30,completed,google_pay
589,673,9,124,537,2025-08-25 12:22:00,5,6.89,41.30,outside_zone,bank_card
590,168,695,332,253,2025-07-03 08:30:00,4,4.31,33.99,completed,bank_card
591,85,517,330,281,2025-11-05 13:02:00,68,0.73,149.84,manual_review,apple_pay
592,251,163,395,329,2026-04-16 07:49:00,90,5.06,133.55,completed,apple_pay
593,198,114,447,77,2026-06-14 12:15:00,53,3.39,127.62,completed,wallet
594,164,626,320,276,2026-05-31 23:14:00,61,3.32,135.83,completed,google_pay
595,786,255,225,16,2025-03-30 16:13:00,61,2.87,80.79,completed,wallet
596,256,575,377,93,2025-11-02 17:34:00,65,4.56,160.32,outside_zone,bank_card
597,733,55,57,94,2025-10-23 09:07:00,80,5.12,197.86,completed,wallet
598,719,122,371,351,2025-10-21 06:27:00,87,7.23,191.44,cancelled,bank_card
599,490,580,26,482,2026-05-25 21:10:00,8,6.66,34.79,completed,google_pay
600,387,369,111,103,2025-08-29 00:35:00,95,1.42,132.11,completed,wallet
601,375,628,107,64,2026-06-03 14:59:00,63,4.11,113.97,completed,bank_card
602,11,665,96,315,2026-06-17 05:47:00,35,2.74,81.06,completed,promo_balance
603,296,578,25,498,2026-05-04 23:39:00,77,5.03,192.47,completed,apple_pay
604,30,564,121,388,2025-08-14 06:57:00,23,5.38,65.36,completed,bank_card
605,875,143,485,5,2025-01-30 15:44:00,53,9.72,149.58,completed,wallet
606,189,197,288,86,2026-02-19 15:24:00,17,6.50,52.26,completed,wallet
607,22,462,264,149,2026-01-12 05:03:00,66,2.93,94.19,battery_empty,bank_card
608,663,615,64,448,2026-05-14 18:50:00,81,5.39,140.99,completed,wallet
609,232,296,70,281,2026-02-05 23:26:00,72,6.92,162.76,completed,bank_card
610,417,530,125,415,2025-04-12 16:09:00,84,5.42,135.55,completed,google_pay
611,422,4,389,79,2025-10-12 11:43:00,91,1.85,129.63,completed,apple_pay
612,608,564,510,482,2026-04-28 13:06:00,89,4.28,199.36,manual_review,bank_card
613,159,53,215,475,2025-10-07 10:17:00,20,1.57,61.94,battery_empty,wallet
614,49,283,329,112,2026-02-21 15:04:00,89,6.85,216.50,completed,bank_card
615,574,551,139,297,2025-03-08 08:26:00,84,6.19,206.92,completed,google_pay
616,406,106,324,315,2025-10-06 07:52:00,13,7.10,56.78,completed,bank_card
617,208,198,211,120,2025-02-16 08:44:00,39,2.53,67.27,manual_review,wallet
618,695,195,60,537,2025-11-12 18:27:00,90,8.46,226.26,completed,wallet
619,671,389,316,364,2025-03-13 12:26:00,11,2.23,34.42,completed,google_pay
620,179,538,528,335,2025-03-07 18:21:00,84,7.78,159.69,outside_zone,bank_card
621,262,537,161,354,2025-12-16 20:26:00,46,5.78,80.19,completed,bank_card
622,29,99,547,392,2025-03-30 05:48:00,25,4.18,63.00,completed,wallet
623,887,116,495,294,2025-10-12 00:24:00,26,2.99,48.12,completed,google_pay
624,311,654,357,200,2026-05-14 17:49:00,27,1.70,64.43,completed,promo_balance
625,219,343,527,48,2026-06-20 18:08:00,69,8.88,149.39,completed,wallet
626,321,154,116,145,2026-02-18 13:09:00,34,3.93,80.82,completed,wallet
627,296,59,532,165,2025-02-12 18:01:00,10,6.96,42.42,completed,bank_card
628,756,216,278,23,2025-02-07 16:25:00,34,4.92,62.63,cancelled,wallet
629,520,471,340,313,2025-08-23 08:25:00,66,3.88,127.77,completed,bank_card
630,559,348,498,71,2026-05-06 05:52:00,9,7.14,41.94,completed,wallet
631,205,560,98,469,2025-09-03 14:50:00,86,8.17,171.61,completed,wallet
632,587,666,407,496,2026-05-28 15:57:00,3,9.18,44.04,completed,wallet
633,7,387,440,502,2025-01-18 11:42:00,93,5.01,135.87,outside_zone,wallet
634,613,495,396,190,2025-10-31 11:56:00,10,2.11,40.45,completed,bank_card
635,577,611,399,487,2025-02-04 10:34:00,95,4.53,189.99,completed,bank_card
636,471,248,416,16,2025-05-12 05:29:00,24,5.24,50.73,completed,wallet
637,743,510,434,176,2025-06-29 19:10:00,87,1.74,187.11,completed,promo_balance
638,134,317,141,324,2025-08-11 07:42:00,57,3.96,137.43,completed,bank_card
639,167,144,230,323,2025-05-10 12:51:00,54,6.13,100.12,battery_empty,apple_pay
640,477,186,193,491,2026-02-07 23:24:00,85,4.29,199.37,completed,google_pay
641,46,75,426,483,2025-09-24 11:44:00,59,4.58,95.15,completed,wallet
642,665,388,498,135,2025-12-21 14:34:00,34,2.71,57.97,completed,bank_card
643,666,503,63,237,2026-02-03 07:59:00,44,7.43,84.72,outside_zone,apple_pay
644,789,381,46,12,2025-01-25 18:22:00,76,4.21,124.97,manual_review,google_pay
645,378,471,58,313,2025-11-26 18:17:00,68,3.35,158.48,completed,google_pay
646,227,601,19,40,2025-02-20 18:22:00,81,4.27,116.37,manual_review,bank_card
647,548,522,98,231,2026-01-14 15:01:00,53,7.54,94.98,completed,wallet
648,338,166,25,389,2025-10-19 10:01:00,80,6.48,111.60,cancelled,promo_balance
649,49,74,472,90,2025-10-06 10:43:00,49,6.79,146.65,completed,apple_pay
650,577,265,307,14,2025-09-03 10:35:00,13,5.26,54.69,completed,bank_card
651,699,379,426,251,2025-07-22 14:25:00,66,2.88,130.65,completed,wallet
652,465,276,232,442,2025-01-11 14:22:00,35,7.39,84.07,battery_empty,wallet
653,355,3,410,241,2025-07-23 12:28:00,34,3.68,99.68,completed,bank_card
654,207,497,91,30,2025-03-30 17:06:00,15,5.72,46.30,completed,apple_pay
655,295,414,462,446,2025-01-09 19:07:00,58,9.71,139.52,outside_zone,bank_card
656,885,158,291,319,2025-01-01 16:49:00,68,6.72,102.11,completed,wallet
657,283,635,40,195,2025-11-04 21:12:00,6,2.10,22.69,completed,wallet
658,112,193,256,500,2026-03-03 07:55:00,61,3.82,87.40,completed,wallet
659,179,300,91,211,2026-05-02 14:05:00,42,4.20,119.80,completed,wallet
660,410,71,229,424,2025-08-05 16:22:00,21,6.80,77.49,outside_zone,bank_card
661,786,329,171,97,2026-02-17 20:54:00,43,4.06,114.44,completed,wallet
662,482,455,15,446,2026-06-09 23:27:00,87,2.49,209.17,completed,bank_card
663,48,254,479,84,2026-06-02 14:28:00,15,1.60,49.22,completed,wallet
664,301,171,421,434,2026-02-18 16:44:00,32,9.01,101.16,completed,apple_pay
665,134,564,50,199,2026-02-02 13:28:00,39,4.35,92.88,completed,wallet
666,861,478,482,207,2025-05-22 00:38:00,59,3.42,104.69,cancelled,bank_card
667,854,48,442,94,2026-01-25 22:46:00,56,3.01,141.71,completed,wallet
668,402,291,6,60,2026-01-13 12:34:00,8,3.41,28.53,completed,google_pay
669,372,58,361,59,2025-10-19 09:46:00,59,6.47,94.09,completed,bank_card
670,800,150,233,320,2025-08-12 07:21:00,9,9.75,67.11,outside_zone,bank_card
671,739,680,208,477,2025-02-10 00:22:00,70,5.79,176.96,completed,wallet
672,739,655,35,50,2025-08-25 11:02:00,10,0.20,24.61,completed,wallet
673,283,622,207,348,2025-10-02 11:03:00,35,4.86,85.61,completed,bank_card
674,664,697,482,144,2025-11-26 11:56:00,74,4.68,154.62,completed,apple_pay
675,810,511,23,57,2025-08-16 07:07:00,89,4.22,152.83,completed,google_pay
676,438,599,522,7,2026-05-23 08:50:00,87,5.06,199.30,completed,bank_card
677,878,127,207,168,2025-12-29 06:49:00,11,4.30,36.96,manual_review,promo_balance
678,647,623,344,439,2025-03-12 13:32:00,67,0.94,94.19,cancelled,bank_card
679,856,263,123,140,2025-05-08 22:25:00,15,3.43,36.31,completed,wallet
680,236,686,162,219,2026-03-25 11:32:00,38,6.84,114.05,completed,promo_balance
681,304,40,547,266,2026-05-14 21:59:00,64,3.30,152.81,completed,bank_card
682,341,132,23,9,2026-01-25 23:17:00,94,5.61,140.35,completed,bank_card
683,897,119,98,167,2025-07-22 10:02:00,60,6.37,95.24,completed,bank_card
684,724,307,414,395,2026-03-03 21:08:00,13,8.30,53.83,completed,bank_card
685,329,338,72,55,2026-01-10 22:19:00,31,3.34,78.87,completed,wallet
686,730,12,423,79,2026-03-20 21:37:00,94,6.42,225.10,completed,bank_card
687,397,367,514,328,2025-04-29 07:49:00,39,7.70,120.41,completed,google_pay
688,362,470,299,341,2025-12-15 20:43:00,54,3.75,119.85,completed,wallet
689,540,601,399,319,2025-02-08 05:11:00,93,3.61,198.05,completed,bank_card
690,172,611,213,226,2026-02-09 06:48:00,68,4.16,167.43,cancelled,bank_card
691,727,356,341,426,2025-05-12 23:09:00,16,6.69,57.91,completed,apple_pay
692,173,37,171,525,2026-05-02 00:38:00,52,6.20,131.71,cancelled,wallet
693,88,173,496,302,2025-10-05 11:53:00,5,5.06,35.80,completed,wallet
694,169,51,442,140,2025-03-07 15:38:00,77,7.57,201.04,completed,apple_pay
695,112,282,302,82,2025-06-29 17:08:00,69,4.17,161.45,completed,google_pay
696,835,530,52,109,2026-06-04 21:22:00,23,5.95,74.30,completed,wallet
697,230,613,283,13,2026-01-01 15:48:00,17,8.63,86.35,completed,wallet
698,202,393,384,229,2026-03-22 21:30:00,10,3.49,35.91,battery_empty,wallet
699,575,215,372,531,2026-01-04 22:46:00,3,5.92,37.83,outside_zone,google_pay
700,805,434,314,453,2026-04-16 20:46:00,60,5.96,138.16,completed,wallet
701,138,518,113,120,2026-02-15 06:00:00,91,3.58,192.33,outside_zone,bank_card
702,695,190,378,517,2026-03-06 18:36:00,37,2.20,86.29,completed,bank_card
703,310,189,144,319,2026-05-25 21:07:00,73,3.70,173.67,completed,wallet
704,161,662,6,126,2025-12-06 10:19:00,82,0.96,174.61,completed,google_pay
705,873,98,533,154,2025-12-16 19:19:00,71,2.81,162.64,completed,apple_pay
706,565,184,460,150,2026-03-04 11:29:00,86,1.26,120.98,completed,bank_card
707,65,578,441,41,2025-06-24 08:29:00,17,6.96,74.47,completed,google_pay
708,283,181,104,389,2025-09-04 21:30:00,62,4.98,115.44,completed,google_pay
709,358,173,202,378,2026-01-12 19:31:00,16,0.20,42.31,completed,wallet
710,532,503,322,533,2025-12-22 18:04:00,74,5.53,136.80,completed,wallet
711,143,24,246,527,2025-05-23 09:25:00,31,5.34,101.01,completed,google_pay
712,546,351,449,329,2025-07-07 10:54:00,76,2.02,156.88,completed,wallet
713,137,407,87,1,2025-12-18 10:59:00,49,5.00,118.11,cancelled,wallet
714,490,326,182,432,2026-06-15 15:08:00,24,4.76,50.22,completed,wallet
715,208,576,27,126,2026-02-25 16:49:00,56,6.12,144.85,completed,apple_pay
716,581,169,300,252,2026-02-18 05:58:00,39,1.80,79.41,completed,bank_card
717,361,341,94,120,2025-07-06 14:05:00,17,8.68,66.76,completed,bank_card
718,188,571,254,242,2025-04-21 16:53:00,66,3.50,110.07,manual_review,wallet
719,283,388,20,92,2025-02-26 13:21:00,89,7.61,198.41,completed,wallet
720,336,102,31,427,2026-02-08 12:37:00,40,3.00,58.25,completed,google_pay
721,481,358,97,76,2025-11-02 20:59:00,91,2.40,141.44,battery_empty,wallet
722,725,203,436,131,2025-04-22 13:08:00,94,6.27,187.16,completed,bank_card
723,83,520,323,368,2025-07-09 05:50:00,55,7.16,115.59,battery_empty,bank_card
724,164,621,53,59,2025-08-01 07:10:00,89,7.27,197.79,completed,bank_card
725,217,690,38,467,2025-03-28 06:07:00,54,7.18,139.19,completed,bank_card
726,408,562,383,291,2026-04-07 08:00:00,4,2.23,27.03,completed,bank_card
727,840,542,389,31,2025-09-10 13:00:00,49,2.57,73.70,completed,google_pay
728,13,444,541,384,2026-04-30 18:27:00,33,6.18,87.21,outside_zone,apple_pay
729,814,318,472,372,2025-03-24 20:16:00,30,2.68,53.63,completed,promo_balance
730,395,51,511,111,2025-06-24 06:58:00,40,3.74,69.04,manual_review,apple_pay
731,42,597,12,151,2025-01-22 10:21:00,55,1.67,122.55,completed,bank_card
732,459,353,238,163,2025-11-24 22:23:00,91,5.65,199.80,completed,wallet
733,71,41,306,454,2025-02-03 05:38:00,3,0.20,15.97,completed,bank_card
734,626,218,548,183,2025-11-30 07:26:00,22,5.47,75.46,completed,bank_card
735,489,3,452,447,2025-03-30 13:13:00,93,9.48,142.57,completed,promo_balance
736,155,529,287,65,2025-06-22 23:41:00,46,2.52,104.66,completed,bank_card
737,795,510,330,218,2025-08-10 11:07:00,32,1.39,70.18,outside_zone,apple_pay
738,761,378,528,416,2026-06-06 13:01:00,44,5.41,108.44,cancelled,bank_card
739,299,266,4,389,2026-04-22 19:44:00,33,2.66,87.46,completed,wallet
740,547,648,500,378,2025-06-13 10:15:00,23,2.85,66.87,completed,promo_balance
741,709,632,308,483,2026-05-01 20:42:00,84,4.29,173.69,completed,google_pay
742,742,135,256,288,2025-12-20 15:22:00,58,6.20,150.82,completed,bank_card
743,835,40,459,408,2025-12-27 00:47:00,38,4.87,78.61,completed,wallet
744,102,95,261,490,2025-12-12 05:20:00,36,8.10,87.83,completed,apple_pay
745,408,309,262,345,2025-06-22 16:44:00,83,0.20,167.93,manual_review,wallet
746,393,531,131,423,2025-01-10 09:46:00,74,4.01,176.34,completed,wallet
747,601,113,409,171,2025-03-16 06:05:00,30,3.27,72.75,completed,google_pay
748,887,431,358,371,2025-03-23 15:53:00,57,2.87,147.55,completed,wallet
749,673,614,204,256,2026-02-06 08:27:00,95,7.38,221.52,completed,wallet
750,652,644,8,14,2025-01-17 08:09:00,59,4.59,130.43,completed,bank_card
751,669,419,536,7,2025-10-07 18:39:00,73,1.92,116.86,completed,wallet
752,833,52,39,189,2025-05-25 09:25:00,50,4.18,87.20,completed,google_pay
753,807,303,445,342,2026-02-10 05:54:00,26,5.10,80.57,completed,bank_card
754,155,427,170,66,2025-07-21 16:33:00,83,4.58,152.89,completed,bank_card
755,735,621,125,495,2025-08-05 13:53:00,44,2.43,113.27,manual_review,bank_card
756,21,108,236,79,2026-01-29 13:04:00,8,3.71,41.33,completed,wallet
757,781,228,75,43,2025-09-18 15:22:00,39,0.20,74.90,completed,wallet
758,654,407,212,355,2025-10-19 19:34:00,66,5.54,101.82,completed,bank_card
759,165,277,69,336,2026-03-04 05:25:00,74,6.41,132.07,completed,wallet
760,845,327,380,522,2025-09-07 22:13:00,67,2.36,117.07,manual_review,wallet
761,570,414,280,323,2025-03-27 12:53:00,13,1.56,36.88,completed,google_pay
762,898,132,336,236,2025-04-30 08:28:00,4,6.82,43.90,completed,wallet
763,403,568,302,41,2026-05-04 15:30:00,10,0.20,33.57,completed,wallet
764,290,359,182,182,2025-11-14 18:06:00,15,7.21,67.94,completed,apple_pay
765,413,125,343,359,2025-09-07 14:00:00,13,7.79,68.91,completed,bank_card
766,34,417,231,83,2026-02-15 06:38:00,59,6.44,115.78,completed,google_pay
767,479,107,8,317,2026-01-16 21:32:00,28,3.81,84.75,completed,wallet
768,500,31,231,208,2026-06-05 16:06:00,15,1.12,46.32,completed,bank_card
769,173,49,43,126,2026-03-27 18:14:00,92,4.77,167.84,cancelled,bank_card
770,469,225,348,216,2025-06-06 11:18:00,49,1.19,101.76,completed,promo_balance
771,255,552,307,31,2025-05-06 15:39:00,50,3.50,116.97,completed,bank_card
772,657,586,418,327,2025-11-02 10:36:00,85,4.22,184.40,completed,bank_card
773,341,360,460,404,2026-06-13 22:47:00,48,8.37,124.66,completed,bank_card
774,255,580,392,64,2026-01-17 16:37:00,22,2.08,48.74,completed,bank_card
775,518,462,361,538,2026-02-21 15:59:00,43,3.90,109.15,completed,wallet
776,386,142,472,368,2025-05-08 16:47:00,70,7.90,111.81,completed,bank_card
777,676,634,435,11,2025-07-07 13:56:00,80,6.92,166.93,completed,bank_card
778,186,205,8,453,2025-04-22 22:21:00,62,4.99,87.78,outside_zone,wallet
779,367,70,288,536,2025-07-06 06:43:00,77,1.41,139.71,completed,bank_card
780,727,475,165,109,2026-03-03 05:19:00,29,6.64,89.36,completed,google_pay
781,668,304,29,319,2026-04-26 00:24:00,59,5.53,151.39,completed,apple_pay
782,315,33,314,221,2026-03-19 05:04:00,30,5.47,95.15,completed,wallet
783,168,489,426,504,2025-01-16 20:02:00,67,5.29,121.22,completed,apple_pay
784,310,342,42,257,2025-07-16 11:31:00,80,4.67,178.27,manual_review,apple_pay
785,376,291,213,198,2025-01-02 14:11:00,20,5.23,53.59,completed,google_pay
786,857,271,314,250,2026-04-11 08:39:00,38,6.44,105.02,completed,google_pay
787,522,195,504,501,2025-04-19 17:01:00,80,3.43,127.18,completed,bank_card
788,539,13,141,354,2026-01-28 22:46:00,51,4.55,135.36,completed,wallet
789,346,52,344,347,2026-05-23 09:13:00,52,6.15,127.08,completed,bank_card
790,308,561,440,430,2026-04-09 17:56:00,48,4.84,82.61,completed,wallet
791,683,544,309,282,2026-06-14 11:45:00,42,6.09,118.87,completed,google_pay
792,562,313,198,130,2025-07-23 18:34:00,44,3.41,98.56,completed,apple_pay
793,818,280,241,463,2025-08-12 15:28:00,28,3.83,75.23,completed,wallet
794,432,580,527,304,2025-11-04 18:41:00,69,7.72,116.87,completed,bank_card
795,234,574,157,5,2025-02-03 08:19:00,3,5.96,37.72,completed,wallet
796,354,437,466,472,2025-04-05 20:54:00,15,2.15,39.38,battery_empty,wallet
797,140,270,219,270,2025-04-13 13:31:00,58,3.28,125.01,completed,wallet
798,694,300,363,425,2025-08-17 08:03:00,80,4.99,193.31,completed,wallet
799,336,279,149,389,2026-04-05 06:01:00,12,7.80,58.28,outside_zone,wallet
800,671,417,19,68,2025-02-01 16:10:00,88,7.11,122.59,cancelled,google_pay
801,246,232,156,359,2025-03-05 08:42:00,51,3.36,111.80,completed,bank_card
802,881,650,202,448,2025-04-13 15:45:00,60,9.37,154.35,completed,wallet
803,609,34,431,255,2026-04-05 09:47:00,59,8.81,103.09,completed,wallet
804,692,628,374,214,2026-01-25 09:58:00,43,5.68,114.90,completed,apple_pay
805,813,145,103,119,2025-01-17 17:57:00,40,2.74,79.55,battery_empty,bank_card
806,341,275,393,524,2025-08-10 05:22:00,35,7.11,73.72,completed,bank_card
807,197,312,189,17,2025-08-16 22:48:00,10,3.80,45.88,completed,google_pay
808,137,125,541,504,2025-11-17 14:02:00,75,6.35,177.43,battery_empty,wallet
809,579,633,115,462,2025-09-12 07:29:00,39,5.46,85.63,manual_review,wallet
810,386,535,311,71,2026-02-07 17:54:00,32,2.85,87.02,completed,google_pay
811,199,232,170,161,2025-12-04 07:15:00,55,5.21,121.14,completed,bank_card
812,435,249,422,295,2026-06-11 20:19:00,34,5.20,73.74,manual_review,bank_card
813,592,439,368,249,2025-05-27 00:51:00,79,6.54,201.04,completed,google_pay
814,105,563,311,210,2026-01-24 08:42:00,36,2.88,67.72,outside_zone,promo_balance
815,650,584,277,102,2025-03-19 21:06:00,38,3.25,91.59,completed,bank_card
816,16,171,369,281,2026-03-24 07:11:00,52,5.10,99.19,outside_zone,wallet
817,699,86,250,484,2026-03-22 08:37:00,7,5.22,36.62,completed,wallet
818,682,342,30,427,2025-09-03 20:05:00,62,5.21,114.85,completed,wallet
819,101,7,176,322,2025-01-19 12:14:00,45,2.40,84.59,completed,bank_card
820,477,91,375,305,2026-02-25 12:18:00,3,6.90,43.96,completed,google_pay
821,514,410,229,236,2026-02-15 14:34:00,47,1.69,79.60,completed,wallet
822,586,142,267,15,2026-02-11 08:16:00,41,5.48,83.16,completed,bank_card
823,460,1,367,261,2025-04-01 17:01:00,82,2.18,196.22,completed,wallet
824,490,614,325,84,2025-01-06 23:49:00,76,3.05,130.49,manual_review,wallet
825,470,415,490,369,2026-04-29 18:20:00,7,6.53,40.22,completed,wallet
826,194,464,406,47,2025-01-18 14:40:00,33,3.12,66.16,completed,wallet
827,349,551,124,169,2026-02-23 06:02:00,59,5.32,134.82,completed,wallet
828,774,272,421,328,2025-10-28 19:42:00,29,6.28,74.31,cancelled,google_pay
829,505,515,265,366,2025-06-25 10:51:00,50,4.54,92.26,completed,wallet
830,527,388,34,241,2025-03-22 14:11:00,16,4.78,57.30,completed,bank_card
831,699,419,133,96,2025-05-06 23:59:00,16,3.15,42.86,completed,bank_card
832,489,18,172,326,2025-04-12 15:25:00,84,2.58,124.54,completed,bank_card
833,272,668,273,263,2025-03-11 17:17:00,45,5.50,112.74,completed,wallet
834,184,69,268,420,2025-12-16 17:04:00,21,4.84,59.88,battery_empty,wallet
835,417,259,204,147,2025-02-12 12:43:00,93,8.07,194.28,completed,wallet
836,351,461,171,166,2025-10-06 16:44:00,11,5.83,43.94,completed,bank_card
837,715,286,229,349,2025-08-19 18:37:00,71,0.88,126.48,completed,promo_balance
838,366,291,414,163,2025-02-11 06:46:00,67,6.06,153.18,completed,bank_card
839,724,647,378,374,2025-05-20 14:02:00,55,7.50,154.40,cancelled,wallet
840,269,616,27,147,2025-06-14 21:58:00,14,5.03,49.20,completed,apple_pay
841,709,298,216,267,2025-12-18 00:39:00,22,7.03,51.52,completed,bank_card
842,686,58,217,245,2026-03-25 11:48:00,83,4.56,161.06,completed,bank_card
843,760,381,149,113,2025-05-08 23:13:00,12,3.49,31.52,completed,bank_card
844,34,645,546,118,2025-08-29 14:41:00,83,3.76,195.62,completed,bank_card
845,592,440,32,32,2025-01-01 16:04:00,43,7.41,73.64,cancelled,wallet
846,127,514,369,243,2026-06-02 10:19:00,19,1.38,38.02,completed,bank_card
847,454,542,128,382,2025-05-25 11:49:00,89,2.03,145.50,completed,wallet
848,198,452,76,359,2025-04-19 20:17:00,40,7.31,101.66,completed,wallet
849,667,93,66,476,2025-04-17 20:16:00,64,4.74,89.57,completed,bank_card
850,721,377,83,177,2025-03-18 22:45:00,42,6.43,117.45,completed,bank_card
851,145,651,452,391,2025-11-30 00:48:00,76,2.62,128.25,completed,apple_pay
852,554,345,412,312,2025-02-17 23:05:00,94,3.81,213.85,cancelled,apple_pay
853,537,279,227,226,2026-05-09 19:12:00,47,2.82,124.41,completed,wallet
854,430,639,145,361,2025-02-20 15:55:00,72,5.55,171.46,outside_zone,bank_card
855,65,485,394,270,2025-10-23 11:45:00,92,6.17,208.86,manual_review,bank_card
856,713,181,538,263,2025-08-09 06:58:00,83,6.14,183.72,completed,bank_card
857,60,653,358,382,2025-11-13 10:53:00,39,6.42,81.67,completed,bank_card
858,3,549,264,400,2026-01-22 05:01:00,27,3.85,70.65,completed,bank_card
859,795,435,312,15,2025-10-06 06:32:00,87,5.70,120.53,completed,wallet
860,785,585,377,44,2025-02-26 07:40:00,14,5.69,55.87,completed,bank_card
861,681,285,10,103,2025-12-30 13:44:00,10,4.48,36.62,completed,wallet
862,806,68,351,186,2025-11-24 11:59:00,30,2.97,64.18,completed,wallet
863,762,313,104,116,2025-10-03 09:32:00,21,4.20,64.97,completed,bank_card
864,141,181,117,404,2026-04-12 10:07:00,15,6.51,59.60,completed,apple_pay
865,867,452,252,172,2025-12-09 14:57:00,58,7.00,121.13,completed,bank_card
866,486,688,386,396,2025-10-21 05:49:00,74,1.33,107.69,completed,bank_card
867,594,410,50,309,2025-10-06 22:48:00,34,3.72,85.53,completed,bank_card
868,579,470,379,2,2025-07-13 17:28:00,50,6.02,128.59,cancelled,promo_balance
869,317,172,345,192,2025-06-01 07:15:00,83,1.44,194.09,completed,wallet
870,425,613,457,76,2025-12-17 16:10:00,7,4.07,36.14,completed,bank_card
871,184,10,525,26,2026-06-12 22:21:00,6,5.42,34.95,manual_review,bank_card
872,187,662,15,115,2025-09-07 20:30:00,61,7.00,111.68,completed,wallet
873,485,55,402,115,2026-06-04 07:05:00,25,4.79,80.21,cancelled,bank_card
874,638,653,144,316,2026-01-05 19:04:00,89,0.88,120.32,completed,wallet
875,713,560,256,475,2025-06-13 09:22:00,76,3.29,142.44,battery_empty,wallet
876,713,109,96,546,2025-04-15 17:55:00,83,2.71,154.79,manual_review,wallet
877,572,272,142,79,2026-06-09 14:35:00,49,5.63,103.50,completed,bank_card
878,308,495,142,231,2025-04-28 10:50:00,82,1.31,109.48,completed,bank_card
879,606,65,69,327,2025-01-05 14:07:00,92,2.64,133.83,completed,bank_card
880,596,414,535,281,2025-07-20 12:33:00,7,1.62,22.92,completed,google_pay
881,678,462,435,445,2025-11-18 20:02:00,57,5.94,123.87,completed,wallet
882,820,488,364,287,2025-01-15 07:15:00,51,4.85,105.46,battery_empty,google_pay
883,585,385,391,24,2026-01-25 09:54:00,45,6.13,75.19,completed,apple_pay
884,197,639,230,8,2025-12-16 05:26:00,10,4.37,42.25,manual_review,bank_card
885,693,101,206,355,2025-11-07 14:23:00,9,6.75,41.13,manual_review,wallet
886,625,348,33,15,2025-08-04 19:52:00,6,4.82,36.38,outside_zone,bank_card
887,328,213,399,377,2026-01-27 11:04:00,84,3.59,122.34,completed,bank_card
888,546,582,283,387,2025-06-27 17:22:00,18,6.10,58.91,cancelled,apple_pay
889,659,637,230,145,2025-08-08 16:58:00,71,7.10,143.74,completed,bank_card
890,67,329,120,194,2025-09-25 10:43:00,11,5.31,51.66,completed,google_pay
891,751,678,264,395,2026-02-24 12:08:00,64,5.00,124.95,completed,bank_card
892,244,40,207,5,2025-07-08 15:11:00,46,2.52,106.66,completed,wallet
893,576,210,507,416,2026-04-16 10:34:00,95,6.57,175.51,completed,bank_card
894,774,415,194,245,2025-06-01 23:02:00,34,9.78,79.13,completed,wallet
895,554,617,50,530,2026-01-02 13:26:00,56,4.83,104.16,cancelled,wallet
896,242,651,87,514,2025-11-19 06:32:00,11,5.19,43.90,completed,wallet
897,466,95,74,493,2025-05-31 20:32:00,71,4.93,108.35,battery_empty,wallet
898,709,340,162,393,2026-05-08 17:29:00,34,2.52,73.09,completed,promo_balance
899,562,8,187,84,2026-02-01 16:54:00,55,3.29,90.27,completed,wallet
900,883,478,490,44,2026-04-12 12:09:00,31,1.01,78.07,completed,apple_pay
901,509,502,323,355,2025-09-23 20:57:00,46,7.12,88.75,completed,bank_card
902,473,419,305,463,2025-04-21 17:09:00,10,3.35,37.25,completed,google_pay
903,554,92,214,301,2026-01-03 09:53:00,39,6.30,103.62,completed,bank_card
904,394,183,121,411,2025-04-05 17:44:00,84,5.64,180.74,outside_zone,bank_card
905,137,350,71,410,2026-03-05 06:46:00,34,3.60,63.07,completed,bank_card
906,898,574,352,330,2025-09-06 11:15:00,60,0.38,82.08,completed,promo_balance
907,693,332,202,22,2025-02-02 05:53:00,32,4.53,91.47,completed,wallet
908,121,82,109,188,2025-10-09 08:33:00,83,1.84,123.95,manual_review,wallet
909,61,338,265,313,2025-05-08 11:17:00,52,7.43,101.34,manual_review,bank_card
910,18,607,73,135,2026-03-24 05:41:00,84,4.58,116.25,completed,google_pay
911,297,49,441,263,2025-03-20 00:56:00,15,4.65,62.69,completed,bank_card
912,317,561,540,398,2025-02-11 15:53:00,28,5.90,85.18,completed,apple_pay
913,283,38,349,232,2026-05-13 09:49:00,68,6.36,167.38,completed,bank_card
914,169,164,193,211,2025-05-18 19:44:00,88,6.80,173.73,completed,wallet
915,314,96,262,72,2026-02-15 00:45:00,22,2.90,43.26,completed,wallet
916,899,196,74,20,2026-03-04 18:20:00,33,7.86,92.83,completed,bank_card
917,590,100,428,393,2025-06-26 05:12:00,30,5.74,84.00,completed,bank_card
918,622,146,469,478,2026-06-10 22:31:00,79,3.50,158.64,completed,wallet
919,203,534,371,244,2026-02-19 15:19:00,46,7.76,96.87,outside_zone,apple_pay
920,357,262,417,304,2025-11-14 23:29:00,14,4.82,47.91,manual_review,apple_pay
921,406,262,403,330,2025-01-09 23:57:00,75,5.83,125.75,completed,google_pay
922,842,292,47,169,2026-01-05 17:11:00,41,2.88,77.48,completed,google_pay
923,100,371,22,495,2025-08-02 21:36:00,84,4.38,205.95,outside_zone,wallet
924,734,699,482,443,2025-01-09 14:08:00,83,5.88,203.20,completed,bank_card
925,644,475,374,317,2025-07-03 08:04:00,18,5.40,48.79,completed,wallet
926,762,184,191,331,2025-07-19 16:34:00,39,4.70,81.50,completed,google_pay
927,593,458,343,76,2025-02-18 18:54:00,87,4.16,187.15,completed,wallet
928,728,288,434,360,2025-07-04 06:04:00,57,4.39,131.83,completed,promo_balance
929,833,68,312,211,2026-01-27 16:51:00,69,3.83,147.05,completed,google_pay
930,390,19,34,501,2025-02-14 05:18:00,19,3.51,53.14,completed,bank_card
931,737,642,374,254,2025-08-09 10:15:00,22,2.81,57.34,completed,bank_card
932,375,600,302,169,2026-05-06 18:54:00,84,2.43,177.82,manual_review,apple_pay
933,251,45,462,254,2025-09-30 13:51:00,7,4.21,37.25,battery_empty,bank_card
934,265,324,153,67,2025-03-15 23:54:00,81,5.30,189.74,completed,wallet
935,583,381,528,29,2026-01-01 08:35:00,28,2.26,56.06,cancelled,apple_pay
936,832,545,131,164,2026-04-23 16:00:00,3,7.43,47.47,battery_empty,google_pay
937,882,279,390,359,2026-04-28 06:12:00,58,3.00,99.22,completed,google_pay
938,776,107,166,9,2026-04-07 14:04:00,10,0.33,27.97,completed,apple_pay
939,21,365,208,544,2025-10-03 18:52:00,12,5.33,46.03,cancelled,bank_card
940,177,289,508,120,2025-08-13 10:29:00,48,6.44,108.24,completed,wallet
941,448,156,229,286,2025-09-02 00:28:00,82,2.44,193.20,completed,wallet
942,244,559,40,399,2025-04-19 17:15:00,40,8.82,88.99,completed,wallet
943,336,200,33,404,2026-05-23 15:15:00,33,4.94,66.09,completed,bank_card
944,144,331,453,271,2025-09-05 10:53:00,94,4.61,220.02,cancelled,wallet
945,668,303,269,354,2025-07-20 13:07:00,32,3.96,65.40,completed,bank_card
946,430,536,254,166,2025-03-16 16:23:00,29,4.36,72.45,completed,bank_card
947,549,299,273,94,2025-11-04 23:29:00,7,8.64,51.20,completed,bank_card
948,413,153,394,300,2025-10-13 20:11:00,94,4.02,172.88,outside_zone,google_pay
949,367,263,441,381,2025-05-05 20:09:00,95,5.81,224.13,completed,bank_card
950,589,326,301,501,2026-05-27 22:28:00,60,3.41,137.22,battery_empty,wallet
951,161,356,45,452,2026-01-21 07:02:00,4,3.40,33.32,completed,wallet
952,765,668,489,348,2025-04-30 07:59:00,3,5.70,36.41,completed,wallet
953,879,206,286,448,2026-02-23 00:59:00,84,4.78,127.48,completed,apple_pay
954,346,151,403,401,2025-03-24 05:17:00,77,0.79,161.83,manual_review,bank_card
955,246,568,107,258,2025-08-02 17:41:00,67,7.16,133.46,completed,wallet
956,818,319,254,302,2025-06-10 14:10:00,3,3.48,27.50,completed,google_pay
957,326,204,525,215,2026-05-14 15:43:00,25,2.81,44.17,completed,wallet
958,829,12,74,523,2025-05-20 20:58:00,22,3.09,51.54,completed,wallet
959,888,490,32,60,2025-10-20 13:12:00,79,5.49,156.54,completed,bank_card
960,685,297,413,141,2025-07-16 15:27:00,82,4.93,183.40,outside_zone,bank_card
961,82,116,98,48,2025-10-17 21:02:00,91,0.79,136.17,completed,wallet
962,498,662,324,186,2026-06-01 23:18:00,27,1.73,51.17,completed,wallet
963,399,516,473,159,2025-08-25 11:28:00,27,3.42,50.85,completed,bank_card
964,715,107,190,335,2026-03-24 14:06:00,10,4.22,36.45,completed,wallet
965,430,170,326,204,2025-10-09 19:39:00,55,4.08,129.47,battery_empty,wallet
966,410,630,197,461,2025-12-22 19:48:00,73,5.92,123.98,completed,bank_card
967,814,551,150,145,2026-04-27 16:21:00,94,1.04,190.58,completed,google_pay
968,139,277,389,256,2025-06-04 10:28:00,30,4.17,72.11,battery_empty,google_pay
969,209,258,150,241,2025-01-07 16:58:00,78,5.20,198.39,completed,promo_balance
970,162,250,274,193,2025-12-29 07:43:00,38,4.04,89.98,battery_empty,apple_pay
971,852,34,93,425,2026-05-02 15:42:00,89,3.67,121.24,completed,bank_card
972,326,450,429,95,2025-01-05 21:54:00,24,1.12,60.38,completed,wallet
973,67,579,171,525,2025-03-24 08:29:00,3,5.04,27.21,completed,wallet
974,560,309,278,135,2026-01-26 20:24:00,46,3.45,90.74,completed,google_pay
975,401,573,67,374,2026-06-11 07:06:00,22,2.55,53.57,battery_empty,bank_card
976,773,519,255,530,2026-06-09 19:36:00,7,5.97,38.20,manual_review,wallet
977,97,472,24,442,2025-12-27 11:52:00,40,3.47,68.24,completed,bank_card
978,431,674,34,496,2026-03-08 12:35:00,68,6.31,125.93,completed,bank_card
979,855,521,461,476,2026-05-12 13:58:00,52,5.98,146.36,completed,bank_card
980,78,652,84,300,2025-10-08 19:14:00,26,5.66,83.23,completed,bank_card
981,241,426,441,130,2025-08-23 05:28:00,35,4.24,92.76,completed,apple_pay
982,610,345,274,531,2025-10-18 14:35:00,28,0.87,56.96,outside_zone,bank_card
983,594,520,114,57,2025-03-29 10:24:00,73,0.20,120.60,completed,bank_card
984,313,613,415,378,2026-05-28 18:39:00,71,4.99,114.74,manual_review,wallet
985,125,293,260,402,2025-06-22 00:48:00,12,3.86,43.81,completed,bank_card
986,833,185,180,186,2025-04-09 23:57:00,31,2.21,68.55,completed,apple_pay
987,572,261,107,182,2025-05-05 00:42:00,64,3.99,99.78,completed,bank_card
988,222,365,11,393,2026-03-04 10:48:00,61,3.30,113.44,manual_review,apple_pay
989,772,674,227,171,2026-04-11 05:20:00,45,6.56,85.31,completed,wallet
990,854,153,473,139,2025-02-21 05:30:00,55,2.79,80.00,completed,promo_balance
991,463,676,343,13,2026-04-09 07:43:00,32,9.55,98.71,completed,google_pay
992,562,643,187,26,2025-03-15 06:44:00,38,4.60,87.38,completed,google_pay
993,623,131,111,239,2025-08-22 14:36:00,3,4.28,26.35,completed,bank_card
994,616,551,457,20,2025-07-12 15:38:00,12,3.07,35.97,completed,wallet
995,266,692,85,104,2026-01-02 19:51:00,70,5.95,138.88,cancelled,google_pay
996,43,629,459,434,2026-05-24 22:47:00,51,3.73,112.84,completed,bank_card
997,712,329,297,264,2025-12-16 14:59:00,62,7.59,148.31,outside_zone,bank_card
998,161,662,78,54,2025-08-02 12:18:00,69,3.44,149.54,completed,bank_card
999,332,523,502,276,2025-03-07 11:54:00,55,7.01,109.64,completed,apple_pay
1000,551,446,314,212,2025-01-19 13:33:00,55,4.21,101.50,manual_review,bank_card
